City,Cloudiness,Country,Date,Humidity,Lat,Lng,Max Temp,Wind Speed
Mackay,90,AU,1622489501,94,-21.15,149.2,62.69,9.22
Kumul,32,CN,1622489695,13,42.8,93.45,71.91,11.88
Port Alfred,97,ZA,1622489696,81,-33.5906,26.891,60.37,11.56
East London,74,ZA,1622489698,70,-33.0153,27.9116,61.47,5.06
Rikitea,0,PF,1622489699,65,-23.1203,-134.9692,74.43,14.12
New Norfolk,100,AU,1622489700,77,-42.7826,147.0587,49.5,1.01
Caravelas,12,BR,1622489705,74,-17.7125,-39.2481,75.63,5.19
Atuona,96,PF,1622489706,70,-9.8,-139.0333,79.0,9.44
Kemijärvi,100,FI,1622489707,65,66.7131,27.4306,48.7,1.74
Ilulissat,75,GL,1622489709,75,69.2167,-51.1,33.82,5.75
Qaanaaq,100,GL,1622489710,86,77.484,-69.3632,33.62,0.4
Puerto Ayora,44,EC,1622489712,83,-0.7393,-90.3518,82.36,7.0
Tiksi,10,RU,1622489713,78,71.6872,128.8694,41.34,1.68
Havre-St-Pierre,90,CA,1622489714,93,50.2334,-63.5986,45.19,9.22
Lebu,100,CL,1622489716,98,-37.6167,-73.65,56.66,13.67
Ushuaia,75,AR,1622489717,86,-54.8,-68.3,33.46,3.44
São Francisco,43,BR,1622489719,29,-15.9486,-44.8644,86.56,4.07
Saint George,1,US,1622489440,10,37.1041,-113.5841,95.47,4.0
Bingöl,3,TR,1622489721,46,38.8847,40.4939,62.22,3.47
Bengkulu,99,ID,1622489723,91,-3.8004,102.2655,75.87,3.09
Lata,10,PT,1622489724,93,40.1629,-8.3327,63.36,3.67
Saurimo,12,AO,1622489502,41,-9.6608,20.3916,62.49,4.27
Bluff,97,NZ,1622489726,77,-46.6,168.3333,46.58,9.35
Province of Mantua,0,IT,1622489728,62,45.1667,10.7833,72.55,6.55
Xingyi,42,CN,1622489730,95,24.1877,102.817,61.05,3.6
Gao,0,ML,1622489731,7,16.6362,1.637,94.96,12.35
Kununurra,29,AU,1622489523,82,-15.7667,128.7333,62.58,0.0
Gushikawa,75,JP,1622489734,78,26.3544,127.8686,76.23,16.96
Tezu,100,IN,1622489735,99,27.9167,96.1667,72.99,4.05
Soyo,44,AO,1622489736,87,-6.1349,12.3689,77.54,9.75
Samfya,5,ZM,1622489738,55,-11.3649,29.5565,61.34,6.96
Codrington,99,AU,1622489739,44,-38.2667,141.9667,47.89,10.54
Bangolo,67,CI,1622489741,99,7.0069,-7.475,72.27,2.51
Deputatsky,49,RU,1622489742,44,69.3,139.9,53.89,2.73
Avarua,20,CK,1622489744,64,-21.2078,-159.775,75.25,5.75
Omsukchan,91,RU,1622489745,69,62.5333,155.8,35.62,7.49
Carupano,38,VE,1622489746,83,10.6678,-63.2585,80.19,13.27
Guerrero Negro,0,MX,1622489748,49,27.9769,-114.0611,71.31,11.9
Kaitangata,74,NZ,1622489749,82,-46.2817,169.8464,45.93,6.26
Naze,36,JP,1622489751,73,28.3667,129.4833,71.13,18.68
Måløy,100,NO,1622489752,86,61.9353,5.1136,68.47,2.91
Cape Town,75,ZA,1622489635,98,-33.9258,18.4232,56.88,1.01
Narsaq,79,GL,1622489755,78,60.9167,-46.05,46.62,6.96
Novopokrovka,100,UA,1622489756,82,49.8425,36.5477,52.18,9.73
Kruisfontein,7,ZA,1622489758,84,-34.0033,24.7314,51.89,8.5
Margate,0,GB,1622489696,63,51.3813,1.3862,60.51,4.0
Sipoo,20,FI,1622489761,87,60.3775,25.2691,53.89,4.76
Ostrovnoy,100,RU,1622489762,87,68.0531,39.5131,40.75,23.91
Khatanga,79,RU,1622489763,95,71.9667,102.5,34.07,12.66
Arraial do Cabo,75,BR,1622489765,88,-22.9661,-42.0278,73.26,5.75
Provideniya,0,RU,1622489767,61,64.3833,-173.3,44.71,13.42
Bakel,88,SN,1622489768,21,14.905,-12.4568,99.16,7.99
Yellowknife,40,CA,1622489770,50,62.456,-114.3525,60.33,3.0
Upernavik,100,GL,1622489771,91,72.7868,-56.1549,31.19,2.95
Yeppoon,41,AU,1622489773,91,-23.1333,150.7333,60.58,10.49
Nanortalik,52,GL,1622489774,85,60.1432,-45.2371,39.07,12.08
Manitouwadge,59,CA,1622489776,56,49.1215,-85.8403,51.58,10.31
Lucapa,2,AO,1622489777,34,-8.4192,20.7447,66.6,3.67
Esperance,93,AU,1622489774,78,-33.8667,121.9,57.04,22.62
Busselton,66,AU,1622489780,87,-33.65,115.3333,52.09,7.7
Kapaa,75,US,1622489781,76,22.0752,-159.319,83.12,1.01
Paamiut,90,GL,1622489783,89,61.994,-49.6678,37.85,0.36
Kedrovyy,67,RU,1622489784,84,56.1667,91.8167,36.01,4.79
Butaritari,77,KI,1622489786,77,3.0707,172.7902,83.55,19.13
Hilo,75,US,1622489788,83,19.7297,-155.09,90.28,8.05
Hermanus,17,ZA,1622489765,80,-34.4187,19.2345,55.9,6.8
São João da Barra,19,BR,1622489790,85,-21.6403,-41.0511,73.49,7.49
Nyakahanga,100,TZ,1622489792,74,-1.6033,31.1414,64.18,1.45
Meulaboh,99,ID,1622489793,89,4.1363,96.1285,76.77,4.07
Ippy,88,CF,1622489795,69,6.2679,21.2247,77.94,3.8
Hasaki,100,JP,1622489796,83,35.7333,140.8333,59.4,13.85
Vaini,90,TO,1622489759,100,-21.2,-175.2,68.16,2.3
Taitung City,100,TW,1622489799,87,22.7583,121.1444,79.39,2.51
Sangar,49,RU,1622489793,68,63.9242,127.4739,48.24,3.2
Severo-Kuril'sk,100,RU,1622489767,98,50.6789,156.125,37.62,24.07
Hong Kong,100,HK,1622489803,94,22.2855,114.1577,82.45,4.65
Punta Arenas,0,CL,1622489770,69,-53.15,-70.9167,33.91,4.38
Geraldton,0,AU,1622489806,93,-28.7667,114.6,50.41,11.23
Dudinka,85,RU,1622489807,95,69.4058,86.1778,26.4,7.83
Auki,74,SB,1622489809,89,-8.7676,160.7034,76.87,6.02
Sitka,90,US,1622489810,94,57.0531,-135.33,53.49,4.61
Dikson,100,RU,1622489812,95,73.5069,80.5464,29.17,18.88
Lüderitz,0,NA,1622489803,68,-26.6481,15.1594,59.45,23.33
Thompson,90,CA,1622489775,77,55.7435,-97.8558,57.36,8.05
Xam Nua,100,LA,1622489816,90,20.4197,104.0439,69.8,3.22
Osa,92,RU,1622489817,79,57.2829,55.4567,41.4,3.98
Lagoa,97,PT,1622489819,75,39.05,-27.9833,59.67,16.71
Fukuechō,97,JP,1622489820,75,32.6881,128.8419,69.22,6.46
Bambous Virieux,75,MU,1622489812,83,-20.3428,57.7575,73.65,9.78
Laguna,1,US,1622489823,27,38.421,-121.4238,100.2,1.99
Faanui,37,PF,1622489802,66,-16.4833,-151.75,78.48,16.11
Aklavik,90,CA,1622489826,75,68.2191,-135.0107,39.92,14.97
La Ronge,90,CA,1622489827,32,55.1001,-105.2842,70.02,3.44
Saint Paul Harbor,90,US,1622489595,87,57.79,-152.4072,47.71,13.8
Jamestown,1,US,1622489830,38,42.097,-79.2353,70.09,3.0
Albany,87,US,1622489816,74,42.6001,-73.9662,66.61,1.01
Vila Velha,0,BR,1622489794,80,-20.3297,-40.2925,80.94,10.0
Mataura,69,NZ,1622489834,97,-46.1927,168.8643,38.39,2.71
Port Hawkesbury,90,CA,1622489835,95,45.6169,-61.3485,65.59,5.99
Mar del Plata,75,AR,1622489765,53,-38.0023,-57.5575,56.08,1.01
Synya,98,RU,1622489838,74,65.3718,58.0387,43.77,8.3
Acobamba,100,PE,1622489839,71,-11.3525,-75.6594,59.67,8.37
Araouane,34,ML,1622489840,7,18.9048,-3.5265,98.33,5.28
Umm Kaddadah,56,SD,1622489842,22,13.6017,26.6876,90.23,4.29
Keti Bandar,40,PK,1622489844,85,24.1447,67.4497,83.46,18.12
Corinth,12,GR,1622489845,57,37.9407,22.9573,72.68,3.0
Palmer,75,US,1622489847,75,42.1584,-72.3287,60.73,1.01
Jinchang,2,CN,1622489849,19,38.4953,102.1739,63.0,9.93
Sola,100,VU,1622489820,78,-13.8833,167.55,78.71,14.97
Tinskoy,0,RU,1622489851,78,56.1525,96.9161,36.52,3.33
Cabo San Lucas,1,MX,1622489853,61,22.8909,-109.9124,99.52,12.66
Chernyshevskiy,34,RU,1622489855,61,63.0128,112.4714,48.38,3.31
Uchaly,100,RU,1622489857,82,54.2996,59.4521,47.95,9.89
Cherskiy,100,RU,1622489789,31,68.75,161.3,58.46,8.23
Chokurdakh,70,RU,1622489859,41,70.6333,147.9167,59.49,8.7
Tikhvin,100,RU,1622489861,64,59.6451,33.5294,48.22,2.98
Bima,96,ID,1622489863,93,-8.4667,118.7167,73.22,2.28
Teguise,20,ES,1622489865,64,29.0605,-13.564,66.42,15.12
Lompoc,1,US,1622489804,66,34.6391,-120.4579,82.69,4.61
Mahébourg,75,MU,1622489867,83,-20.4081,57.7,73.69,6.91
Sakaraha,8,MG,1622489869,93,-22.9,44.5333,58.95,3.42
Nelson Bay,100,AU,1622489870,96,-32.7167,152.15,50.68,5.35
Katsuura,80,JP,1622489872,90,35.1333,140.3,64.18,17.98
Hobart,100,AU,1622489873,72,-42.8794,147.3294,49.86,5.99
Uyuni,94,BO,1622489875,12,-20.4597,-66.825,46.44,10.4
Beringovskiy,16,RU,1622489876,80,63.05,179.3167,35.17,8.77
Hithadhoo,75,MV,1622489878,69,-0.6,73.0833,83.73,16.53
Brae,14,GB,1622489880,85,60.3964,-1.353,46.31,11.48
Huilong,11,CN,1622489881,91,31.8111,121.655,71.04,13.35
Pevek,3,RU,1622489809,69,69.7008,170.3133,39.85,1.57
Otane,90,NZ,1622489884,82,-39.8833,176.6333,50.02,11.92
Ulladulla,100,AU,1622489886,62,-35.35,150.4667,47.3,5.08
Kharp,96,RU,1622489887,88,66.8014,65.8081,40.06,8.37
Tukan,68,RU,1622489889,98,53.8409,57.4552,53.94,2.37
Znamenskoye,100,RU,1622489890,98,57.1281,73.8282,59.4,4.12
Adrar,39,MR,1622489892,21,20.5022,-10.0711,96.85,7.83
Bathsheba,40,BB,1622489894,51,13.2167,-59.5167,86.61,18.48
Iqaluit,90,CA,1622489886,80,63.7506,-68.5145,33.53,5.01
Mastung,0,PK,1622489897,9,29.7994,66.845,75.25,4.68
Olinda,75,BR,1622489899,83,-8.0089,-34.8553,76.73,9.28
Burnie,100,AU,1622489900,83,-41.0667,145.9167,47.91,3.09
Dublin,1,US,1622489901,31,37.7021,-121.9358,98.49,3.0
Coffs Harbour,46,AU,1622489903,93,-30.3,153.1333,46.36,0.0
Maria Aurora,91,PH,1622489904,98,15.7967,121.4737,75.92,1.68
Nieuw Amsterdam,20,SR,1622489906,89,5.8833,-55.0833,79.02,10.54
Madimba,75,TZ,1622489907,94,-10.4,40.3333,72.72,6.87
Kimberley,0,ZA,1622489909,45,-28.7323,24.7623,44.29,8.05
Hearst,100,CA,1622489910,42,49.6835,-83.6665,64.65,7.16
North Bend,1,US,1622489912,61,43.4065,-124.2243,84.24,18.41
Ngunguru,0,NZ,1622489914,79,-35.6167,174.5,52.16,12.82
Fortuna,35,US,1622489915,63,40.5982,-124.1573,71.85,3.0
Ganzhou,91,CN,1622489916,89,28.8184,115.4327,74.98,1.52
La Llanada,75,CO,1622489918,87,1.49,-77.5835,56.73,4.52
Fairbanks,90,US,1622489920,46,64.8378,-147.7164,66.09,0.0
Souillac,75,MU,1622489786,83,-20.5167,57.5167,73.78,8.59
Farah,0,AF,1622489923,11,32.5,62.5,85.26,8.1
Tasiilaq,99,GL,1622489766,80,65.6145,-37.6368,39.36,7.27
Dunedin,58,NZ,1622489926,75,-45.8742,170.5036,42.8,11.99
Opuwo,11,NA,1622489927,25,-18.0607,13.84,63.55,8.63
Mossamedes,6,AO,1622489929,69,-15.1961,12.1522,70.86,7.38
Suntar,61,RU,1622489930,67,62.1444,117.6319,53.15,4.7
Hamilton,1,US,1622489918,47,39.1834,-84.5333,75.63,1.99
Raudeberg,100,NO,1622489933,86,61.9875,5.1352,67.6,3.31
Sharkan,87,RU,1622489935,61,57.2989,53.8712,51.17,8.19
Carnarvon,0,AU,1622489937,94,-24.8667,113.6333,53.67,9.22
Ribeira Grande,75,PT,1622489938,63,38.5167,-28.7,64.8,8.05
Ostrowiec Świętokrzyski,11,PL,1622489940,84,50.9294,21.3853,52.75,2.8
Bethel,90,US,1622489941,71,41.3712,-73.414,64.92,3.0
Port Hardy,90,CA,1622489768,77,50.6996,-127.4199,60.98,4.61
Nekhayevskiy,100,RU,1622489944,77,50.4106,41.7561,55.8,10.49
Vaitape,43,PF,1622489946,66,-16.5167,-151.75,78.46,15.93
Pemberton,98,CA,1622489948,58,50.3164,-122.8027,73.09,3.62
Longyearbyen,75,SJ,1622489949,69,78.2186,15.6401,35.44,4.61
Vyazemskiy,3,RU,1622489951,90,47.5378,134.7525,47.25,4.43
Da’an,100,CN,1622489953,93,33.0558,106.2958,65.28,1.72
George Town,20,MY,1622489819,89,5.4112,100.3354,82.33,1.01
Tuktoyaktuk,90,CA,1622489955,80,69.4541,-133.0374,32.0,14.97
Barrow,90,US,1622489851,74,71.2906,-156.7887,30.22,13.8
Salamiyah,31,SY,1622489958,43,35.0113,37.0532,70.29,12.41
Warrnambool,81,AU,1622489960,55,-38.3833,142.4833,48.81,10.29
Saint-Augustin,100,CA,1622489962,89,51.226,-58.6502,45.79,6.2
Abu Dhabi,0,AE,1622489964,49,24.4667,54.3667,91.51,10.13
Aras,40,ES,1622489965,55,42.5617,-2.356,77.41,0.13
Puerto Escondido,20,MX,1622489967,62,15.85,-97.0667,92.23,5.75
Baykit,98,RU,1622489968,78,61.67,96.37,45.36,3.51
Bredasdorp,5,ZA,1622489970,88,-34.5322,20.0403,54.72,7.72
Pangody,22,RU,1622489972,53,65.85,74.4859,39.67,6.29
Joshīmath,78,IN,1622489973,81,30.5667,79.5667,62.85,1.95
Kapit,82,MY,1622489975,99,2.0167,112.9333,73.11,1.32
Santa Marta,30,CO,1622489977,72,11.2408,-74.199,84.92,15.99
Laas,11,IT,1622489979,76,46.6166,10.7002,67.08,4.54
Mut,0,TR,1622489980,50,36.6439,33.4389,70.0,2.57
Port Macquarie,72,AU,1622489982,90,-31.4333,152.9167,48.38,3.91
Dimona,0,IL,1622489983,64,31.0667,35.0333,69.85,11.07
Woodward,90,US,1622489985,94,36.4337,-99.3904,65.43,9.57
Cidreira,53,BR,1622489890,52,-30.1811,-50.2056,58.84,6.08
Saskylakh,100,RU,1622489876,69,71.9167,114.0833,47.16,8.66
Padang,35,ID,1622489989,86,-0.9492,100.3543,77.05,4.05
Kavieng,97,PG,1622489788,81,-2.5744,150.7967,79.43,4.99
Bereda,40,ES,1622489991,83,43.2686,-7.5406,67.75,0.49
Honiara,89,SB,1622489993,90,-9.4333,159.95,77.49,4.72
Mbulu,95,TZ,1622489995,87,-3.85,35.5333,56.43,11.05
Sinop Province,96,TR,1622489996,96,41.7711,34.8709,56.61,2.19
Amapá,78,BR,1622489998,95,1.0,-52.0,79.0,3.29
Kasempa,5,ZM,1622490000,39,-13.4584,25.8338,58.01,4.56
Alofi,72,NU,1622490008,100,-19.0595,-169.9187,73.29,5.75
Shingū,85,JP,1622490010,70,33.7333,135.9833,60.91,5.01
Clyde River,90,CA,1622490011,100,70.4692,-68.5914,26.83,3.44
Alta Floresta,40,BR,1622490013,38,-9.8756,-56.0861,93.02,4.61
Atar,99,MR,1622490015,32,20.5169,-13.0499,90.1,14.83
Saint-Joseph,12,RE,1622490017,67,-21.3667,55.6167,70.16,6.4
Houlton,90,US,1622490018,77,46.1262,-67.8403,54.01,6.91
Pudozh,91,RU,1622490020,63,61.8099,36.5345,42.96,1.39
Acapulco de Juárez,40,MX,1622489749,66,16.8634,-99.8901,89.42,11.21
Messina,20,IT,1622490022,81,38.1933,15.5497,68.2,1.01
Sept-Îles,90,CA,1622489896,88,50.2001,-66.3821,46.06,1.99
Stornoway,0,GB,1622490025,59,58.2093,-6.3865,60.76,8.05
Puerto Carreño,100,CO,1622490006,63,6.189,-67.4859,84.69,5.12
Jurm,17,AF,1622490028,64,36.8648,70.8342,61.77,3.4
Kaseda-shirakame,54,JP,1622490030,80,31.4167,130.3167,67.46,5.55
Itapirapuã,91,BR,1622490032,31,-15.8233,-50.6133,90.46,4.25
Saint-Pierre,0,RE,1622489803,72,-21.3393,55.4781,71.24,5.75
Cabatuan,100,PH,1622490035,87,10.8794,122.486,77.68,1.86
Magistral'nyy,100,RU,1622490036,96,56.1725,107.4458,39.74,5.14
Kieta,100,PG,1622490038,86,-6.2167,155.6333,78.87,6.85
Bilma,100,NE,1622490039,9,18.6853,12.9164,95.45,6.8
Buala,100,SB,1622489971,86,-8.145,159.5921,79.18,7.23
Nikolskoye,100,RU,1622489768,90,59.7035,30.7861,51.69,3.51
Grand Gaube,0,MU,1622490043,80,-20.0064,57.6608,73.8,3.0
Ambad,25,IN,1622490045,64,19.6167,75.8,79.61,8.19
Lorengau,99,PG,1622490046,84,-2.0226,147.2712,80.58,9.82
Hualmay,91,PE,1622490048,77,-11.0964,-77.6139,68.94,10.65
Melfi,18,IT,1622490050,58,40.9965,15.6514,56.1,4.03
Kremenchuk,100,UA,1622490051,75,49.0973,33.4197,51.75,11.72
Tiassalé,100,CI,1622490053,96,5.8983,-4.8283,74.82,5.35
Bulungu,84,CD,1622490054,48,-4.55,18.6,74.05,1.83
Batemans Bay,100,AU,1622490056,70,-35.7167,150.1833,44.15,3.4
Valentín Gómez Farías,0,MX,1622490057,7,28.2167,-106.5833,88.54,13.24
Nakatsugawa,4,JP,1622490059,85,35.4833,137.5,60.24,4.65
Atherton,99,GB,1622490060,79,53.5237,-2.4935,69.35,5.97
Sisimiut,85,GL,1622490062,81,66.9395,-53.6735,36.48,9.53
Saint-Philippe,25,RE,1622490036,78,-21.3585,55.7679,71.15,5.95
Kailua,8,US,1622489896,66,21.4022,-157.7394,85.06,5.99
Pangnirtung,75,CA,1622490066,100,66.1451,-65.7125,32.0,12.66
João Pinheiro,100,BR,1622490067,41,-17.7425,-46.1725,79.0,3.18
Gull Lake,100,CA,1622490069,33,50.1001,-108.4847,73.76,7.96
West Bay,20,KY,1622490070,71,19.3667,-81.4167,86.07,1.99
Lavrentiya,59,RU,1622490071,78,65.5833,-171.0,33.4,9.26
Somerset,75,US,1622490073,52,40.5668,-74.5496,74.12,5.01
Flinders,100,AU,1622490075,90,-34.5833,150.8552,48.2,1.01
Barra do Corda,3,BR,1622490035,66,-5.5,-45.25,82.85,4.85
Hirara,100,JP,1622490078,85,24.8,125.2833,79.74,11.86
Kahului,20,US,1622490079,64,20.8947,-156.47,86.97,3.44
Eyl,100,SO,1622490081,76,7.9803,49.8164,80.26,21.81
Port Elizabeth,32,ZA,1622490083,77,-33.918,25.5701,54.1,12.82
Lodja,100,CD,1622490084,49,-3.4833,23.4333,74.03,2.3
Zakamensk,75,RU,1622490086,97,50.3741,103.2863,23.88,1.63
Batticaloa,100,LK,1622490088,79,7.7102,81.6924,80.82,8.12
Najrān,2,SA,1622490090,14,17.4924,44.1277,88.45,5.28
Chadan,0,RU,1622490093,57,51.2833,91.5833,44.73,4.43
Itoman,75,JP,1622490094,83,26.1247,127.6694,77.02,11.5
Brigantine,75,US,1622490096,62,39.4101,-74.3646,74.16,6.49
Loei,99,TH,1622490097,88,17.4167,101.5,68.2,4.36
Kloulklubed,100,PW,1622490099,78,7.0419,134.2556,81.1,18.3
Tommot,23,RU,1622490100,87,58.9564,126.2925,49.8,3.29
Balikpapan,100,ID,1622490102,89,-1.2675,116.8289,76.71,4.61
Olds,21,CA,1622490104,37,51.7834,-114.102,73.9,3.44
Whitehorse,90,CA,1622490106,93,60.7161,-135.0538,48.09,13.0
Folldal,100,NO,1622490108,56,62.1325,9.9968,58.42,4.16
Ciudad Bolivar,91,VE,1622490109,59,8.1222,-63.5497,87.4,11.25
São Gabriel da Cachoeira,40,BR,1622490111,70,-0.1303,-67.0892,87.6,1.68
Xining,100,CN,1622490074,76,36.6167,101.7667,48.36,3.09
Sunnyvale,1,US,1622489851,41,37.3688,-122.0363,99.39,1.99
Saldanha,17,ZA,1622490115,80,-33.0117,17.9442,55.45,5.99
Beloha,64,MG,1622490117,73,-25.1667,45.05,64.74,7.49
Malé,75,MV,1622490118,70,4.1748,73.5089,84.15,20.71
Kenitra,74,MA,1622490120,77,34.261,-6.5802,66.96,6.06
Nerekhta,100,RU,1622490121,67,57.4588,40.5747,48.09,5.53
Johannesburg,63,ZA,1622490072,78,-26.2023,28.0436,51.15,1.01
Bucerías,75,MX,1622490124,61,20.75,-105.3333,84.18,9.93
Grindavik,75,IS,1622490125,76,63.8424,-22.4338,48.56,22.28
Zhangye,0,CN,1622490127,22,38.9342,100.4517,62.53,3.94
Khovd,9,MN,1622490129,40,48.0056,91.6419,48.74,1.12
Sur,17,OM,1622490130,33,22.5667,59.5289,94.68,17.4
Lagunillas,98,VE,1622490132,65,10.1301,-71.2595,87.06,7.14
Kungurtug,98,RU,1622490133,98,50.5994,97.5228,32.45,3.0
Nome,1,US,1622490135,41,64.5011,-165.4064,61.16,8.05
Ruidoso,72,US,1622490137,29,33.3317,-105.673,79.45,7.67
Labuhan,97,ID,1622490138,90,-6.8844,112.2051,76.75,6.29
Flin Flon,90,CA,1622490140,36,54.7682,-101.865,64.24,10.76
Kenora,40,CA,1622489953,46,49.8167,-94.4337,67.39,5.75
Moerai,46,PF,1622490142,54,-22.4333,-151.3333,74.73,4.92
Lakatoro,100,VU,1622490143,82,-16.0999,167.4164,74.95,8.68
Mount Isa,11,AU,1622490125,67,-20.7333,139.5,55.17,0.0
Port Hedland,40,AU,1622490146,78,-20.3167,118.5667,69.85,8.05
Coahuayana Viejo,100,MX,1622490147,44,18.7333,-103.6833,94.48,8.48
Billings Metropolitan Area,20,US,1622490097,22,45.7833,-108.5007,81.37,10.36
Pascagoula,1,US,1622490150,54,30.3658,-88.5561,89.56,7.23
Ballina,90,AU,1622490151,88,-28.8667,153.5667,55.36,2.3
Dārāb,0,IR,1622490153,10,28.7519,54.5444,85.93,7.52
Los Llanos de Aridane,40,ES,1622490104,84,28.6585,-17.9182,65.12,10.45
San Ramon,1,US,1622489859,32,37.7799,-121.978,98.08,3.0
São Filipe,10,CV,1622489876,80,14.8961,-24.4956,73.04,8.39
Andapa,38,MG,1622490158,98,-14.65,49.65,63.86,1.88
Xinyu,63,CN,1622490160,93,27.8043,114.9334,71.13,2.08
Leningradskiy,92,RU,1622490161,89,69.3833,178.4167,31.46,12.53
Ketchikan,90,US,1622490163,94,55.3422,-131.6461,57.18,13.8
Yining,67,CN,1622490165,93,29.0361,114.5636,72.18,1.23
Castro,100,BR,1622490166,97,-24.7911,-50.0119,57.34,2.51
Kushiro,55,JP,1622490168,82,42.975,144.3747,39.63,6.87
Kinshasa,62,CD,1622490169,61,-4.3246,15.3215,84.58,1.99
San Ignacio,75,BZ,1622490171,46,17.1561,-89.0714,95.14,8.95
Pouembout,37,NC,1622490173,66,-21.1333,164.9,65.37,6.93
Giohar,96,SO,1622490174,83,2.7809,45.5005,76.39,12.93
Varhaug,35,NO,1622490176,84,58.6147,5.6457,55.85,11.14
Kurush,0,RU,1622490178,47,41.2841,47.8345,40.89,3.76
Salalah,75,OM,1622490179,89,17.0151,54.0924,82.49,5.75
Port Blair,9,IN,1622490181,81,11.6667,92.75,81.9,4.5
Chrzanów,30,PL,1622490183,65,50.1355,19.402,55.04,4.52
Baracoa,31,CU,1622490184,71,20.3467,-74.4958,83.25,11.81
Ichhāwar,20,IN,1622490186,40,23.0167,77.0167,88.66,11.92
Kiomboi,56,TZ,1622490188,60,-4.2667,34.3667,64.81,5.5
Tupik,100,RU,1622490090,95,54.4253,119.9327,49.14,10.49
Alpena,90,US,1622490190,56,45.0617,-83.4327,73.54,3.0
Kodinsk,3,RU,1622490192,81,58.6881,99.1844,41.88,2.48
Abū Zabad,28,SD,1622490194,30,12.35,29.25,90.21,6.49
Cartagena,40,CO,1622489918,62,10.3997,-75.5144,89.22,11.5
Kolpashevo,48,RU,1622490196,77,58.3131,82.9089,62.78,9.93
Forsytheganj,15,BY,1622490198,84,52.6333,29.7333,44.96,4.09
Namatanai,100,PG,1622489901,84,-3.6667,152.4333,79.07,4.14
Vao,100,NC,1622490200,57,-22.6667,167.4833,70.18,17.2
Turukhansk,100,RU,1622490050,94,65.8167,87.9833,39.56,5.91
Stralsund,100,DE,1622490203,89,54.3091,13.0818,59.4,7.78
Wajir,90,KE,1622490159,48,1.7471,40.0573,83.55,22.5
Dondo,97,MZ,1622490206,87,-19.6094,34.7431,69.31,5.19
Hvide Sande,8,DK,1622490207,78,56.0045,8.1294,55.98,8.05
Qaqortoq,83,GL,1622490209,84,60.7167,-46.0333,46.9,8.16
Yulara,90,AU,1622490048,41,-25.2406,130.9889,58.84,0.0
Shillong,100,IN,1622490211,96,25.5689,91.8831,56.43,2.64
Osakarovka,94,KZ,1622490213,53,50.565,72.5692,68.45,9.46
Yurty,6,RU,1622490023,82,56.0498,97.6348,35.55,2.62
Constitución,83,CL,1622490216,82,-35.3333,-72.4167,62.2,6.8
Palestine,0,PS,1622490218,77,31.9216,35.2033,68.94,3.44
College,75,US,1622490219,46,64.8569,-147.8028,66.65,5.75
Bamiantong,100,CN,1622490221,91,44.9333,130.5333,52.34,3.78
Bara,90,NG,1622490222,55,10.3744,10.7288,83.93,18.95
Jaciara,46,BR,1622490224,30,-15.9653,-54.9683,89.28,1.79
Perbaungan,99,ID,1622490225,89,3.5679,98.956,77.9,3.44
Viedma,100,AR,1622490030,81,-40.8135,-62.9967,52.45,12.17
Cam Ranh,40,VN,1622490228,78,11.9214,109.1591,82.36,4.07
Olhão,0,PT,1622490230,82,37.0286,-7.8411,66.09,14.76
Husavik,45,IS,1622490131,51,66.0449,-17.3389,53.51,10.6
Bandarbeyla,100,SO,1622490186,84,9.4942,50.8122,79.59,27.09
Dangtu,11,CN,1622490234,74,31.5723,118.4928,68.05,6.89
Te Anau,37,NZ,1622490236,93,-45.4167,167.7167,37.04,0.83
Sabang,95,ID,1622490237,74,5.8933,95.3214,83.08,19.46
Aleksandrov Gay,63,RU,1622490239,85,50.147,48.5704,65.61,11.25
Torbay,75,CA,1622490240,36,47.6666,-52.7314,63.37,18.41
Faya,7,SA,1622490242,16,18.3851,42.4509,77.52,8.63
Zorritos,62,PE,1622490244,75,-3.6805,-80.6782,80.89,11.5
Terney,6,RU,1622490245,93,45.0503,136.6092,44.02,3.2
Port Keats,57,AU,1622490247,85,-14.25,129.55,69.28,4.0
Evensk,78,RU,1622490249,72,61.95,159.2333,44.37,4.45
Mount Gambier,100,AU,1622490052,61,-37.8333,140.7667,44.51,9.22
José Bonifácio,99,BR,1622490251,44,-21.0528,-49.6883,79.86,7.36
Claveria,94,PH,1622490252,85,18.6074,121.0832,79.38,4.83
Bakchar,95,RU,1622490254,87,57.0186,82.0711,59.99,6.85
Chapais,97,CA,1622490256,34,49.7834,-74.8492,69.58,9.15
Riyadh,0,SA,1622490023,12,24.6877,46.7219,98.65,4.61
Esso,100,RU,1622490258,88,55.9333,158.7,39.79,2.77
Villaviciosa,55,ES,1622490260,83,43.4813,-5.4357,72.1,2.93
Talnakh,100,RU,1622490261,96,69.4865,88.3972,31.69,6.38
Tomakomai,75,JP,1622490263,100,42.6369,141.6033,46.72,8.08
Abilene,90,US,1622490265,91,32.4487,-99.7331,64.89,12.66
Tūkrah,7,LY,1622490266,76,32.5341,20.5791,69.82,4.97
Quatre Cocos,4,MU,1622490268,72,-20.2078,57.7625,73.51,9.98
Roboré,75,BO,1622490270,64,-18.3333,-59.75,75.29,0.0
Wermelskirchen,3,DE,1622490271,76,51.15,7.2167,67.1,5.73
Sobolevo,7,RU,1622490273,67,54.4299,31.8996,43.29,3.06
Pauri,17,IN,1622490274,79,30.15,78.7833,63.95,3.2
Baruun-Urt,37,MN,1622490211,60,46.6806,113.2792,38.44,9.4
Taksimo,97,RU,1622490277,93,56.3444,114.8794,38.86,2.19
Zyryanka,23,RU,1622490278,38,65.75,150.85,57.38,14.65
Quelimane,20,MZ,1622490280,88,-17.8786,36.8883,71.55,5.01
Makakilo City,1,US,1622490282,54,21.3469,-158.0858,83.61,5.75
Bose,3,IT,1622490283,81,45.4612,8.0137,66.96,3.65
Cap Malheureux,0,MU,1622490205,80,-19.9842,57.6142,73.89,3.0
Chui,9,UY,1622490286,59,-33.6971,-53.4616,60.22,13.69
Berezovyy,11,RU,1622490287,87,51.6667,135.7,48.88,3.36
Trelleborg,100,SE,1622490289,80,55.3751,13.1569,65.19,10.42
Pelym,7,RU,1622490290,62,61.0108,61.9978,38.73,4.76
Nkhotakota,22,MW,1622490292,69,-12.9274,34.2961,68.05,3.56
Tuatapere,80,NZ,1622490294,90,-46.1333,167.6833,39.22,4.56
Arrondissement de Tarbes,0,FR,1622490295,53,43.25,0.1667,77.11,4.94
Bayir,12,TR,1622490297,83,37.2687,28.2167,65.23,0.45
Salé,75,MA,1622490298,82,34.0389,-6.8166,68.02,4.61
Bilibino,42,RU,1622490300,44,68.0546,166.4372,53.91,2.24
Ponta do Sol,61,PT,1622490087,75,32.6667,-17.1,70.0,3.15
Chinhoyi,100,ZW,1622490304,46,-17.3667,30.2,56.93,4.32
Castlegar,100,CA,1622490305,34,49.2998,-117.6689,81.99,2.98
Jining,97,CN,1622490307,77,35.405,116.5814,71.47,7.07
Shizuishan,0,CN,1622491056,19,39.2333,106.7694,61.56,7.23
Redmond,98,US,1622490947,49,47.674,-122.1215,81.05,1.99
Polovinnoye,99,RU,1622491059,75,54.7914,65.9864,50.29,15.08
Rāwah,0,IQ,1622491060,14,34.4816,41.9093,89.55,8.01
Goderich,89,CA,1622491289,66,43.7501,-81.7165,73.04,6.73
Izberbash,12,RU,1622491337,76,42.5696,47.8645,64.45,5.95
Tandil,100,AR,1622491184,58,-37.3217,-59.1332,58.3,3.0
Malanje,4,AO,1622491340,40,-9.5402,16.341,64.22,2.59
Petropavlovsk-Kamchatskiy,75,RU,1622491341,93,53.0452,158.6483,39.79,2.08
Chumikan,75,RU,1622491342,86,54.7183,135.315,44.2,8.1
Rawson,100,AR,1622491344,93,-43.3002,-65.1023,49.62,12.84
Havelock,71,US,1622491345,59,34.8791,-76.9013,77.05,4.0
Biak,88,ID,1622491346,87,-0.9131,122.8766,76.05,5.61
Wanxian,87,CN,1622491348,84,30.8039,108.3897,76.3,2.59
Rhodes,20,GR,1622491349,77,36.4408,28.2225,70.79,5.01
Casablanca,75,MA,1622491189,72,33.5928,-7.6192,68.02,8.99
Bone,37,DE,1622491352,68,51.9669,12.1396,59.67,5.26
Marakkanam,100,IN,1622491353,69,12.2,79.95,85.73,12.97
Houma,1,US,1622491354,57,29.5958,-90.7195,88.0,9.22
Mahon,0,ES,1622491356,83,39.8885,4.2658,68.56,4.61
Champerico,44,GT,1622491357,60,14.3,-91.9167,89.76,6.31
Jacmel,84,HT,1622491359,68,18.2342,-72.5347,83.23,5.61
Tazovsky,7,RU,1622491360,73,67.4667,78.7,32.0,6.91
Ozernovskiy,100,RU,1622491361,94,51.5,156.5167,39.4,11.79
Tura,100,IN,1622491363,97,25.5198,90.2201,71.87,2.44
Megion,100,RU,1622491364,88,61.0296,76.1136,42.82,15.21
Upington,0,ZA,1622491366,60,-28.4478,21.2561,49.8,13.02
Henties Bay,0,NA,1622491367,80,-22.116,14.2845,57.85,10.45
Manoel Urbano,100,BR,1622491368,95,-8.8389,-69.2597,79.48,1.77
Kulhudhuffushi,79,MV,1622491370,75,6.6221,73.07,82.74,18.61
Comodoro Rivadavia,100,AR,1622491274,82,-45.8667,-67.5,47.34,5.03
Tucuruí,9,BR,1622491162,62,-3.7661,-49.6725,85.51,3.74
Sinnamary,100,GF,1622491373,92,5.3833,-52.95,77.14,10.63
Kenai,100,US,1622491375,66,60.5544,-151.2583,63.03,13.29
Yārāda,90,IN,1622491376,94,17.65,83.2667,79.12,9.86
Urgut,84,UZ,1622491377,25,39.4022,67.2431,76.62,8.86
Lockhart,68,US,1622491379,54,28.6194,-81.4426,91.96,1.99
Marystown,100,CA,1622491380,78,47.1666,-55.1483,47.12,12.68
Trincomalee,100,LK,1622491382,78,8.5711,81.2335,81.72,22.17
Nuuk,90,GL,1622491383,93,64.1835,-51.7216,36.21,11.5
Flushing,0,NL,1622491385,79,51.4425,3.5736,68.11,11.5
Pisco,100,PE,1622491386,84,-13.7,-76.2167,66.02,3.8
Butterworth,40,MY,1622491388,88,5.3991,100.3638,80.01,2.33
Kiama,100,AU,1622491389,91,-34.6833,150.8667,46.45,6.71
Luga,100,RU,1622491390,81,58.7372,29.8453,48.24,4.0
Domoni,14,KM,1622491392,82,-12.2569,44.5319,76.35,3.78
Rafaela,44,AR,1622491216,23,-31.2503,-61.4867,71.98,1.01
Saint Anthony,75,US,1622491394,42,45.0205,-93.218,78.35,1.01
Genhe,100,CN,1622491395,99,50.7833,121.5167,50.45,3.49
Camacha,20,PT,1622491397,77,33.0833,-16.3333,66.52,5.75
Lima,90,PE,1622491200,77,-12.0432,-77.0282,64.65,3.44
Tadine,72,NC,1622491399,60,-21.55,167.8833,69.87,16.73
San Patricio,98,US,1622491401,58,28.017,-97.5169,88.21,16.04
Mahajanga,20,MG,1622491402,88,-15.7167,46.3167,77.02,2.3
Boyolangu,95,ID,1622491403,92,-8.1181,111.8935,74.57,2.71
Presque Isle,90,US,1622491405,87,46.6811,-68.0159,54.03,6.91
Norman Wells,80,CA,1622491406,62,65.282,-126.8329,57.51,4.76
Eshowe,95,ZA,1622491407,79,-28.8865,31.4699,56.66,9.1
Kaeo,5,NZ,1622491409,94,-35.1,173.7833,53.33,5.41
Leh,100,IN,1622491410,74,34.1667,77.5833,46.85,4.16
Popondetta,55,PG,1622491411,93,-8.7537,148.2534,71.4,2.55
Riohacha,100,CO,1622491412,56,11.5444,-72.9072,89.37,14.9
Bushehr,0,IR,1622491414,48,28.9684,50.8385,89.87,14.16
Pochutla,71,MX,1622491415,49,15.7432,-96.4661,90.82,9.57
Morehead,1,US,1622491416,43,37.2711,-87.1764,77.14,3.0
Batagay-Alyta,100,RU,1622491418,82,67.8006,130.4114,43.43,3.13
Nantucket,90,US,1622491419,91,41.2835,-70.0995,57.54,16.11
Makkah al Mukarramah,0,SA,1622491420,32,21.4267,39.8261,94.71,4.59
Rāmhormoz,0,IR,1622491422,10,31.28,49.6035,92.52,4.29
Egvekinot,100,RU,1622491423,46,66.3167,-179.1667,38.77,4.09
Saint-Ambroise,100,CA,1622491424,61,48.5501,-71.3324,59.58,4.63
Emerald,3,AU,1622491426,94,-23.5333,148.1667,54.75,5.28
Kavaratti,100,IN,1622491427,76,10.5669,72.642,83.37,19.55
Hagi,100,JP,1622491149,58,34.4,131.4167,58.86,4.05
Peniche,95,PT,1622491430,89,39.3558,-9.3811,66.74,9.82
Verkhnevilyuysk,31,RU,1622491431,57,63.4453,120.3167,52.14,4.63
Arenillas,100,ES,1622491432,81,41.3471,-2.8462,64.81,16.71
Nauta,100,PE,1622491434,96,-4.5061,-73.5757,73.99,1.68
Ossora,100,RU,1622491435,72,59.2353,163.0719,41.4,1.5
Acarí,100,PE,1622491436,63,-15.4311,-74.6158,74.01,7.05
Maragogi,5,BR,1622491438,85,-9.0122,-35.2225,77.14,5.57
Leshukonskoye,56,RU,1622491439,77,64.8989,45.7622,46.4,6.69
Vila,85,PT,1622491441,75,42.0304,-8.1588,59.7,3.09
Cap-aux-Meules,75,CA,1622491442,94,47.3821,-61.8597,53.65,17.27
Muros,60,ES,1622491443,90,42.7762,-9.0603,67.68,2.55
Grootfontein,100,NA,1622491445,25,-19.5667,18.1167,59.02,4.5
Copiapó,0,CL,1622491200,18,-27.3667,-70.3333,60.49,4.79
Semporna,98,MY,1622491447,80,4.4818,118.6112,80.31,4.59
Teseney,1,ER,1622491449,15,15.11,36.6575,96.28,13.49
Klaksvík,100,FO,1622491450,96,62.2266,-6.589,52.72,12.88
Msanga,9,TZ,1622491451,87,-6.05,36.0333,62.96,5.82
Anchorage,100,US,1622491211,59,61.2181,-149.9003,65.28,1.99
Kanigiri,78,IN,1622491454,41,15.4,79.5167,92.88,6.87
Torit,68,SS,1622491455,56,4.4133,32.5678,77.72,4.9
Rome,1,US,1622491426,33,43.2128,-75.4557,71.46,1.01
Binga,100,ZW,1622491458,44,-17.6203,27.3414,64.15,1.19
Sainte-Marie,90,RE,1622491459,73,-20.8968,55.5496,71.73,4.61
Fenoarivo,75,MG,1622491460,94,-18.933,47.4354,62.67,3.33
Hauterive,8,FR,1622491461,84,46.0901,3.4459,72.36,3.76
Dali,40,CN,1622491463,86,25.7,100.1833,61.66,5.64
Tambura,91,SS,1622491464,59,5.6,27.4667,75.61,1.7
Vermillion,0,US,1622491465,34,42.7794,-96.9292,78.96,5.86
Eydhafushi,55,MV,1622491467,67,5.1033,73.0708,83.43,20.76
Vanimo,100,PG,1622491468,90,-2.6741,141.3028,77.23,5.97
Canutama,100,BR,1622491469,67,-6.5339,-64.3831,84.04,0.47
Severnyy-Kospashskiy,1,RU,1622491471,70,59.0925,57.8008,32.61,4.38
Mendoza,61,AR,1622491352,30,-32.8908,-68.8272,66.49,7.38
Makokou,100,GA,1622491473,98,0.5738,12.8642,71.92,0.31
Tessalit,2,ML,1622491474,6,20.1986,1.0114,98.64,15.08
Ekhabi,100,RU,1622491476,79,53.5102,142.9671,37.53,10.54
Coquimbo,0,CL,1622491477,55,-29.9533,-71.3436,68.94,4.0
Fallon,1,US,1622491478,10,39.4735,-118.7774,85.87,4.61
Evanston,90,US,1622491214,43,42.0411,-87.6901,71.4,3.0
Alzamay,18,RU,1622491481,89,55.5562,98.6644,34.84,2.26
Arvika,100,SE,1622491482,71,59.6553,12.5852,63.21,3.11
Dolzhanskaya,100,RU,1622491484,73,46.6311,37.8039,61.92,11.81
Clearlake,100,US,1622491485,14,38.9582,-122.6264,104.34,5.77
Daman,43,IN,1622491486,79,20.4167,72.85,83.61,12.86
Camaçari,11,BR,1622491488,81,-12.6975,-38.3242,80.37,6.58
Phek,95,IN,1622491489,97,25.6667,94.5,58.6,0.67
Eureka,31,US,1622491490,63,40.8021,-124.1637,73.13,3.0
Palmeirais,26,BR,1622491492,51,-5.9778,-43.0633,87.42,3.83
Amuntai,46,ID,1622491493,93,-2.4177,115.2494,74.28,1.43
Airai,100,TL,1622491494,94,-8.9266,125.4092,57.54,1.97
Mumford,100,GH,1622491496,80,5.2618,-0.759,80.69,11.9
Banjar,74,ID,1622491497,88,-8.19,114.9675,75.06,4.41
Walvis Bay,0,NA,1622491498,66,-22.9575,14.5053,58.08,15.26
Alice Springs,90,AU,1622491419,37,-23.7,133.8833,53.15,7.7
Coyhaique,86,CL,1622491501,98,-45.5752,-72.0662,47.16,6.8
Province of Trapani,90,IT,1622491502,73,37.8333,12.6667,68.92,7.45
Aarau,0,CH,1622491289,81,47.3925,8.0442,64.74,4.14
Kanniyākumāri,97,IN,1622491505,83,8.0833,77.5667,80.53,20.78
Paramonga,95,PE,1622491506,78,-10.6667,-77.8333,69.08,11.32
Vardø,75,NO,1622491507,100,70.3705,31.1107,43.0,11.5
Nova Viçosa,9,BR,1622491509,73,-17.8919,-39.3719,76.98,8.37
Grande Prairie,91,CA,1622491510,40,55.1667,-118.8027,71.73,9.98
Port Lincoln,100,AU,1622491511,42,-34.7333,135.8667,59.92,13.02
Verāval,80,IN,1622491513,74,20.9,70.3667,83.53,12.68
Port-Cartier,100,CA,1622491514,94,50.0334,-66.8654,45.93,6.02
Porto-Novo,100,BJ,1622491515,78,6.4965,2.6036,81.45,11.34
Māngrol,55,IN,1622491517,76,21.1167,70.1167,83.03,13.38
Tooele,1,US,1622491519,27,40.5308,-112.2983,81.01,10.31
Westlock,100,CA,1622491520,47,54.1502,-113.8688,69.96,7.92
Ninghai,68,CN,1622491522,98,29.2892,121.4247,72.73,2.95
Haines Junction,100,CA,1622491523,80,60.7522,-137.5108,49.15,3.27
Ruston,75,US,1622491229,50,32.5232,-92.6379,82.85,0.0
Sittwe,98,MM,1622491525,83,20.15,92.9,82.13,4.14
Broome,1,US,1622491527,43,42.2506,-75.833,70.9,3.0
Yangi Marg`ilon,4,UZ,1622491528,35,40.4272,71.7189,76.42,4.29
San Andrés,20,CO,1622491529,66,12.5847,-81.7006,87.82,13.8
